{
  "status": "success",
  "combined_metric": 0.7057458364592932,
  "recall_at_1": 0.8173999786376953,
  "recall_at_5": 0.8867999911308289,
  "mean_cosine": 0.5940916942808913,
  "distill_loss": 0.40590830170428815,
  "arc_loss": 16.3847415904307,
  "vat_loss": 0.0,
  "sep_loss": 0.004088618903580107,
  "peak_vram_mb": 1486.5,
  "epochs": 10,
  "elapsed_seconds": 792.5
}